{"cameraMode":{"drawMode":0,"name":"Shaded","section":"Shading Mode"},"sceneLighting":false,"audioPlay":false,"sceneViewState":{"m_AlwaysRefresh":false,"showFog":true,"showSkybox":false,"showFlares":true,"showImageEffects":true,"showParticleSystems":true,"showVisualEffectGraphs":true,"m_FxEnabled":true},"in2DMode":false,"pivot":{"x":15.350239753723145,"y":4.783999919891357,"z":9.336870193481446},"rotation":{"x":-0.06471453607082367,"y":0.8934191465377808,"z":-0.13668136298656465,"w":-0.42300674319267275},"size":0.6357136964797974,"orthographic":false}