{"cameraMode":{"drawMode":0,"name":"Shaded","section":"Shading Mode"},"sceneLighting":false,"audioPlay":false,"sceneViewState":{"m_AlwaysRefresh":false,"showFog":true,"showSkybox":false,"showFlares":true,"showImageEffects":true,"showParticleSystems":true,"showVisualEffectGraphs":true,"m_FxEnabled":true},"in2DMode":false,"pivot":{"x":17.847637176513673,"y":4.403143405914307,"z":9.298067092895508},"rotation":{"x":-0.06471453607082367,"y":0.8934191465377808,"z":-0.13668136298656465,"w":-0.42300674319267275},"size":0.3032582104206085,"orthographic":false}